DataOwner,DataStatus,LongStationName,ShortStationName,StationNumber,SampleCode,CollectionDate,Analyte,CASReg_Number,LabDup,Result,RptLimit,Units,Method,Depth,Matrix,SampleType,ParentSample,Description,Notes,ResultRejected
2040,"3000 - Public, Review Status Unknown",Pacheco Pumping Plant,Pacheco PP,SL000000,SL0324B0052,03/19/2024 08:45,Dissolved Bromide,24959-67-9,,0.193,0.1,mg/L,EPA 300.0 [1]*,0 Meters,"Water, Natural",Normal Sample,0,,,N
2040,"3000 - Public, Review Status Unknown",Pacheco Pumping Plant,Pacheco PP,SL000000,SL0324B0052,03/19/2024 08:45,Dissolved Chloride,16887-00-6,,66.6,5,mg/L,EPA 300.0 [1]*,0 Meters,"Water, Natural",Normal Sample,0,,,N
2040,"3000 - Public, Review Status Unknown",Pacheco Pumping Plant,Pacheco PP,SL000000,SL0324B0052,03/19/2024 08:45,Specific Conductance,0,,467,5,µmhos/cm@25°C,Std Method 2510-B [1]*,0 Meters,"Water, Natural",Normal Sample,0,,,N
2040,"3000 - Public, Review Status Unknown",Pacheco Pumping Plant,Pacheco PP,SL000000,SL0324B0052,03/19/2024 08:45,Dissolved Nitrate,14797-55-8,,4.15,0.5,mg/L,EPA 300.0 [1]*,0 Meters,"Water, Natural",Normal Sample,0,,,N
2040,"3000 - Public, Review Status Unknown",Pacheco Pumping Plant,Pacheco PP,SL000000,SL0324B0052,03/19/2024 08:45,Total Dissolved Solids,0,,264,2.5,mg/L,Std Method 2540 C [1]*,0 Meters,"Water, Natural",Normal Sample,0,,,N
2040,"3000 - Public, Review Status Unknown",Pacheco Pumping Plant,Pacheco PP,SL000000,SL0324B0052,03/19/2024 08:45,Dissolved Sulfate,14808-79-8,,38.9,5,mg/L,EPA 300.0 [1]*,0 Meters,"Water, Natural",Normal Sample,0,,,N
2040,"3000 - Public, Review Status Unknown",Pacheco Pumping Plant,Pacheco PP,SL000000,SL0324B0052,03/19/2024 08:45,Field Specific Conductance,0,, 459,,uS/cm@25 °C,EPA 120.1 (Field) [1]*,0 Meters,"Water, Natural",Normal Sample,0,,,
2040,"3000 - Public, Review Status Unknown",Pacheco Pumping Plant,Pacheco PP,SL000000,SL0324B0052,03/19/2024 08:45,Field pH,0,, 7.8,,pH Units,EPA 150.1 (Field) [1]*,0 Meters,"Water, Natural",Normal Sample,0,,,
2040,"3000 - Public, Review Status Unknown",Pacheco Pumping Plant,Pacheco PP,SL000000,SL0324B0052,03/19/2024 08:45,Field Water Temperature,0,, 14,,°C,EPA 170.1 (Field) [1]*,0 Meters,"Water, Natural",Normal Sample,0,,,
2040,"3000 - Public, Review Status Unknown",Pacheco Pumping Plant,Pacheco PP,SL000000,SL0324B0052,03/19/2024 08:45,Field Turbidity,0,, 1.5,,N.T.U.,EPA 180.1 (Field) [D-2]*,0 Meters,"Water, Natural",Normal Sample,0,,,
2040,"3000 - Public, Review Status Unknown",CALIFORNIA AQU NR KETTLEMAN CK-21,Check 21,KA017226,SL0324B0050,03/19/2024 09:35,Dissolved Bromide,24959-67-9,,0.127,0.1,mg/L,EPA 300.0 [1]*,0 Meters,"Water, Natural",Normal Sample,0,,,N
2040,"3000 - Public, Review Status Unknown",CALIFORNIA AQU NR KETTLEMAN CK-21,Check 21,KA017226,SL0324B0050,03/19/2024 09:35,Dissolved Chloride,16887-00-6,,40.2,5,mg/L,EPA 300.0 [1]*,0 Meters,"Water, Natural",Normal Sample,0,,,N
2040,"3000 - Public, Review Status Unknown",CALIFORNIA AQU NR KETTLEMAN CK-21,Check 21,KA017226,SL0324B0050,03/19/2024 09:35,Specific Conductance,0,,362,5,µmhos/cm@25°C,Std Method 2510-B [1]*,0 Meters,"Water, Natural",Normal Sample,0,,,N
2040,"3000 - Public, Review Status Unknown",CALIFORNIA AQU NR KETTLEMAN CK-21,Check 21,KA017226,SL0324B0050,03/19/2024 09:35,Dissolved Nitrate,14797-55-8,,3.02,0.5,mg/L,EPA 300.0 [1]*,0 Meters,"Water, Natural",Normal Sample,0,,,N
2040,"3000 - Public, Review Status Unknown",CALIFORNIA AQU NR KETTLEMAN CK-21,Check 21,KA017226,SL0324B0050,03/19/2024 09:35,Total Dissolved Solids,0,,210,2.5,mg/L,Std Method 2540 C [1]*,0 Meters,"Water, Natural",Normal Sample,0,,,N
2040,"3000 - Public, Review Status Unknown",CALIFORNIA AQU NR KETTLEMAN CK-21,Check 21,KA017226,SL0324B0050,03/19/2024 09:35,Total Suspended Solids,0,,3.9,2.5,mg/L,Std Method 2540 D [1]*,0 Meters,"Water, Natural",Normal Sample,0,,,N
2040,"3000 - Public, Review Status Unknown",CALIFORNIA AQU NR KETTLEMAN CK-21,Check 21,KA017226,SL0324B0050,03/19/2024 09:35,Dissolved Sulfate,14808-79-8,,38.6,5,mg/L,EPA 300.0 [1]*,0 Meters,"Water, Natural",Normal Sample,0,,,N
2040,"3000 - Public, Review Status Unknown",CALIFORNIA AQU NR KETTLEMAN CK-21,Check 21,KA017226,SL0324B0050,03/19/2024 09:35,Field Specific Conductance,0,, 334,,uS/cm@25 °C,EPA 120.1 (Field) [1]*,0 Meters,"Water, Natural",Normal Sample,0,,,
2040,"3000 - Public, Review Status Unknown",CALIFORNIA AQU NR KETTLEMAN CK-21,Check 21,KA017226,SL0324B0050,03/19/2024 09:35,Field pH,0,, 7.8,,pH Units,EPA 150.1 (Field) [1]*,0 Meters,"Water, Natural",Normal Sample,0,,,
2040,"3000 - Public, Review Status Unknown",CALIFORNIA AQU NR KETTLEMAN CK-21,Check 21,KA017226,SL0324B0050,03/19/2024 09:35,Field Water Temperature,0,, 16,,°C,EPA 170.1 (Field) [1]*,0 Meters,"Water, Natural",Normal Sample,0,,,
2040,"3000 - Public, Review Status Unknown",CALIFORNIA AQU NR KETTLEMAN CK-21,Check 21,KA017226,SL0324B0050,03/19/2024 09:35,Field Turbidity,0,, 7.8,,N.T.U.,EPA 180.1 (Field) [D-2]*,0 Meters,"Water, Natural",Normal Sample,0,,,
2040,"3000 - Public, Review Status Unknown","CA Aqueduct, Ck 13, O'Neill Outlet",CHECK 13,KA007089,SL0324B0056,03/19/2024 11:00,Dissolved Bromide,24959-67-9,,0.132,0.1,mg/L,EPA 300.0 [1]*,0 Meters,"Water, Natural",Normal Sample,0,,,N
2040,"3000 - Public, Review Status Unknown","CA Aqueduct, Ck 13, O'Neill Outlet",CHECK 13,KA007089,SL0324B0056,03/19/2024 11:00,Dissolved Chloride,16887-00-6,,41.9,5,mg/L,EPA 300.0 [1]*,0 Meters,"Water, Natural",Normal Sample,0,,,N
2040,"3000 - Public, Review Status Unknown","CA Aqueduct, Ck 13, O'Neill Outlet",CHECK 13,KA007089,SL0324B0056,03/19/2024 11:00,Specific Conductance,0,,368,5,µmhos/cm@25°C,Std Method 2510-B [1]*,0 Meters,"Water, Natural",Normal Sample,0,,,N
2040,"3000 - Public, Review Status Unknown","CA Aqueduct, Ck 13, O'Neill Outlet",CHECK 13,KA007089,SL0324B0056,03/19/2024 11:00,Dissolved Nitrate,14797-55-8,,2.31,0.5,mg/L,EPA 300.0 [1]*,0 Meters,"Water, Natural",Normal Sample,0,,,N
2040,"3000 - Public, Review Status Unknown","CA Aqueduct, Ck 13, O'Neill Outlet",CHECK 13,KA007089,SL0324B0056,03/19/2024 11:00,Total Dissolved Solids,0,,210,2.5,mg/L,Std Method 2540 C [1]*,0 Meters,"Water, Natural",Normal Sample,0,,,N
2040,"3000 - Public, Review Status Unknown","CA Aqueduct, Ck 13, O'Neill Outlet",CHECK 13,KA007089,SL0324B0056,03/19/2024 11:00,Total Suspended Solids,0,,4.2,2.5,mg/L,Std Method 2540 D [1]*,0 Meters,"Water, Natural",Normal Sample,0,,,N
2040,"3000 - Public, Review Status Unknown","CA Aqueduct, Ck 13, O'Neill Outlet",CHECK 13,KA007089,SL0324B0056,03/19/2024 11:00,Dissolved Sulfate,14808-79-8,,36.2,5,mg/L,EPA 300.0 [1]*,0 Meters,"Water, Natural",Normal Sample,0,,,N
2040,"3000 - Public, Review Status Unknown","CA Aqueduct, Ck 13, O'Neill Outlet",CHECK 13,KA007089,SL0324B0056,03/19/2024 11:00,Field Specific Conductance,0,, 361,,uS/cm@25 °C,EPA 120.1 (Field) [1]*,0 Meters,"Water, Natural",Normal Sample,0,,,
2040,"3000 - Public, Review Status Unknown","CA Aqueduct, Ck 13, O'Neill Outlet",CHECK 13,KA007089,SL0324B0056,03/19/2024 11:00,Field pH,0,, 8.1,,pH Units,EPA 150.1 (Field) [1]*,0 Meters,"Water, Natural",Normal Sample,0,,,
2040,"3000 - Public, Review Status Unknown","CA Aqueduct, Ck 13, O'Neill Outlet",CHECK 13,KA007089,SL0324B0056,03/19/2024 11:00,Field Water Temperature,0,, 16.6,,°C,EPA 170.1 (Field) [1]*,0 Meters,"Water, Natural",Normal Sample,0,,,
2040,"3000 - Public, Review Status Unknown","CA Aqueduct, Ck 13, O'Neill Outlet",CHECK 13,KA007089,SL0324B0056,03/19/2024 11:00,Field Turbidity,0,, 4.8,,N.T.U.,EPA 180.1 (Field) [D-2]*,0 Meters,"Water, Natural",Normal Sample,0,,,
2040,"3000 - Public, Review Status Unknown",Delta Mendota Canal @ McCabe Rd,DMC @McCabe Rd,DMC06716,SL0324B0057,03/19/2024 12:25,Dissolved Bromide,24959-67-9,,0.208,0.1,mg/L,EPA 300.0 [1]*,0 Meters,"Water, Natural",Normal Sample,0,,,N
2040,"3000 - Public, Review Status Unknown",Delta Mendota Canal @ McCabe Rd,DMC @McCabe Rd,DMC06716,SL0324B0057,03/19/2024 12:25,Dissolved Chloride,16887-00-6,,71.6,5,mg/L,EPA 300.0 [1]*,0 Meters,"Water, Natural",Normal Sample,0,,,N
2040,"3000 - Public, Review Status Unknown",Delta Mendota Canal @ McCabe Rd,DMC @McCabe Rd,DMC06716,SL0324B0057,03/19/2024 12:25,Specific Conductance,0,,560,5,µmhos/cm@25°C,Std Method 2510-B [1]*,0 Meters,"Water, Natural",Normal Sample,0,,,N
2040,"3000 - Public, Review Status Unknown",Delta Mendota Canal @ McCabe Rd,DMC @McCabe Rd,DMC06716,SL0324B0057,03/19/2024 12:25,Dissolved Nitrate,14797-55-8,,3.27,0.5,mg/L,EPA 300.0 [1]*,0 Meters,"Water, Natural",Normal Sample,0,,,N
2040,"3000 - Public, Review Status Unknown",Delta Mendota Canal @ McCabe Rd,DMC @McCabe Rd,DMC06716,SL0324B0057,03/19/2024 12:25,Total Dissolved Solids,0,Y,318,2.5,mg/L,Std Method 2540 C [1]*,0 Meters,"Water, Natural",Normal Sample,0,,,N
2040,"3000 - Public, Review Status Unknown",Delta Mendota Canal @ McCabe Rd,DMC @McCabe Rd,DMC06716,SL0324B0057,03/19/2024 12:25,Total Dissolved Solids,0,,321,2.5,mg/L,Std Method 2540 C [1]*,0 Meters,"Water, Natural",Normal Sample,0,,,N
2040,"3000 - Public, Review Status Unknown",Delta Mendota Canal @ McCabe Rd,DMC @McCabe Rd,DMC06716,SL0324B0057,03/19/2024 12:25,Total Suspended Solids,0,Y,5.4,2.5,mg/L,Std Method 2540 D [1]*,0 Meters,"Water, Natural",Normal Sample,0,,,N
2040,"3000 - Public, Review Status Unknown",Delta Mendota Canal @ McCabe Rd,DMC @McCabe Rd,DMC06716,SL0324B0057,03/19/2024 12:25,Total Suspended Solids,0,,5.5,2.5,mg/L,Std Method 2540 D [1]*,0 Meters,"Water, Natural",Normal Sample,0,,,N
2040,"3000 - Public, Review Status Unknown",Delta Mendota Canal @ McCabe Rd,DMC @McCabe Rd,DMC06716,SL0324B0057,03/19/2024 12:25,Dissolved Sulfate,14808-79-8,,68.9,5,mg/L,EPA 300.0 [1]*,0 Meters,"Water, Natural",Normal Sample,0,,,N
2040,"3000 - Public, Review Status Unknown",Delta Mendota Canal @ McCabe Rd,DMC @McCabe Rd,DMC06716,SL0324B0057,03/19/2024 12:25,Field Specific Conductance,0,, 542,,uS/cm@25 °C,EPA 120.1 (Field) [1]*,0 Meters,"Water, Natural",Normal Sample,0,,,
2040,"3000 - Public, Review Status Unknown",Delta Mendota Canal @ McCabe Rd,DMC @McCabe Rd,DMC06716,SL0324B0057,03/19/2024 12:25,Field pH,0,, 8.1,,pH Units,EPA 150.1 (Field) [1]*,0 Meters,"Water, Natural",Normal Sample,0,,,
2040,"3000 - Public, Review Status Unknown",Delta Mendota Canal @ McCabe Rd,DMC @McCabe Rd,DMC06716,SL0324B0057,03/19/2024 12:25,Field Water Temperature,0,, 17,,°C,EPA 170.1 (Field) [1]*,0 Meters,"Water, Natural",Normal Sample,0,,,
2040,"3000 - Public, Review Status Unknown",Delta Mendota Canal @ McCabe Rd,DMC @McCabe Rd,DMC06716,SL0324B0057,03/19/2024 12:25,Field Turbidity,0,, 7.6,,N.T.U.,EPA 180.1 (Field) [D-2]*,0 Meters,"Water, Natural",Normal Sample,0,,,
2040,"3000 - Public, Review Status Unknown",Gianelli WQ Station near Pumping Plant,Gianelli,ON003050,SL0324B0051,03/19/2024 13:00,Dissolved Bromide,24959-67-9,,0.173,0.1,mg/L,EPA 300.0 [1]*,0 Meters,"Water, Natural",Normal Sample,0,Gianelli WQ Station 1/4 mile south of Pumping plant,,N
2040,"3000 - Public, Review Status Unknown",Gianelli WQ Station near Pumping Plant,Gianelli,ON003050,SL0324B0051,03/19/2024 13:00,Dissolved Chloride,16887-00-6,,59.3,5,mg/L,EPA 300.0 [1]*,0 Meters,"Water, Natural",Normal Sample,0,Gianelli WQ Station 1/4 mile south of Pumping plant,,N
2040,"3000 - Public, Review Status Unknown",Gianelli WQ Station near Pumping Plant,Gianelli,ON003050,SL0324B0051,03/19/2024 13:00,Specific Conductance,0,,436,5,µmhos/cm@25°C,Std Method 2510-B [1]*,0 Meters,"Water, Natural",Normal Sample,0,Gianelli WQ Station 1/4 mile south of Pumping plant,,N
2040,"3000 - Public, Review Status Unknown",Gianelli WQ Station near Pumping Plant,Gianelli,ON003050,SL0324B0051,03/19/2024 13:00,Dissolved Nitrate,14797-55-8,,3.3,0.5,mg/L,EPA 300.0 [1]*,0 Meters,"Water, Natural",Normal Sample,0,Gianelli WQ Station 1/4 mile south of Pumping plant,,N
2040,"3000 - Public, Review Status Unknown",Gianelli WQ Station near Pumping Plant,Gianelli,ON003050,SL0324B0051,03/19/2024 13:00,Total Dissolved Solids,0,,247,2.5,mg/L,Std Method 2540 C [1]*,0 Meters,"Water, Natural",Normal Sample,0,Gianelli WQ Station 1/4 mile south of Pumping plant,,N
2040,"3000 - Public, Review Status Unknown",Gianelli WQ Station near Pumping Plant,Gianelli,ON003050,SL0324B0051,03/19/2024 13:00,Dissolved Sulfate,14808-79-8,,38.2,5,mg/L,EPA 300.0 [1]*,0 Meters,"Water, Natural",Normal Sample,0,Gianelli WQ Station 1/4 mile south of Pumping plant,,N
2040,"3000 - Public, Review Status Unknown",Gianelli WQ Station near Pumping Plant,Gianelli,ON003050,SL0324B0051,03/19/2024 13:00,Field Specific Conductance,0,, 430,,uS/cm@25 °C,EPA 120.1 (Field) [1]*,0 Meters,"Water, Natural",Normal Sample,0,Gianelli WQ Station 1/4 mile south of Pumping plant,,
2040,"3000 - Public, Review Status Unknown",Gianelli WQ Station near Pumping Plant,Gianelli,ON003050,SL0324B0051,03/19/2024 13:00,Field pH,0,, 8,,pH Units,EPA 150.1 (Field) [1]*,0 Meters,"Water, Natural",Normal Sample,0,Gianelli WQ Station 1/4 mile south of Pumping plant,,
2040,"3000 - Public, Review Status Unknown",Gianelli WQ Station near Pumping Plant,Gianelli,ON003050,SL0324B0051,03/19/2024 13:00,Field Water Temperature,0,, 15.7,,°C,EPA 170.1 (Field) [1]*,0 Meters,"Water, Natural",Normal Sample,0,Gianelli WQ Station 1/4 mile south of Pumping plant,,
2040,"3000 - Public, Review Status Unknown",Gianelli WQ Station near Pumping Plant,Gianelli,ON003050,SL0324B0051,03/19/2024 13:00,Field Turbidity,0,, 4.9,,N.T.U.,EPA 180.1 (Field) [D-2]*,0 Meters,"Water, Natural",Normal Sample,0,Gianelli WQ Station 1/4 mile south of Pumping plant,,
2040,"1000 - Non-Public, Review Status Unknown",Mid-Lake Silverwood,Mid-Lake Silverwood,SI005000,S0524B0172,05/14/2024 08:40,Specific Conductance,0,,406,5,µmhos/cm@25°C,Std Method 2510-B [1]*,.3 Meters,"Water, Natural",Normal Sample,0,Post Treatment Mid Silverwood Lake,,N
2040,"1000 - Non-Public, Review Status Unknown",Mid-Lake Silverwood,Mid-Lake Silverwood,SI005000,S0524B0172,05/14/2024 08:40,Field Specific Conductance,0,, 404,,uS/cm@25 °C,EPA 120.1 (Field) [1]*,.3 Meters,"Water, Natural",Normal Sample,0,Post Treatment Mid Silverwood Lake,,
2040,"1000 - Non-Public, Review Status Unknown",Mid-Lake Silverwood,Mid-Lake Silverwood,SI005000,S0524B0172,05/14/2024 08:40,Field Notes,0,,"Collected DO parameter in office a few hours later, probe not working in field.",,,Notes (Field) [1]*,.3 Meters,"Water, Natural",Normal Sample,0,Post Treatment Mid Silverwood Lake,"Collected DO parameter in office a few hours later, probe not working in field.",
2040,"1000 - Non-Public, Review Status Unknown",Mid-Lake Silverwood,Mid-Lake Silverwood,SI005000,S0524B0172,05/14/2024 08:40,Field Dissolved Oxygen,0,, 9.6,,mg/L,ASTM Method D888-09-C (Field) [1]*,.3 Meters,"Water, Natural",Normal Sample,0,Post Treatment Mid Silverwood Lake,,
2040,"1000 - Non-Public, Review Status Unknown",Mid-Lake Silverwood,Mid-Lake Silverwood,SI005000,S0524B0172,05/14/2024 08:40,Field Percent Cloud Cover,0,,N/A,,%,Weather Observations [1]*,.3 Meters,"Water, Natural",Normal Sample,0,Post Treatment Mid Silverwood Lake,,
2040,"1000 - Non-Public, Review Status Unknown",Mid-Lake Silverwood,Mid-Lake Silverwood,SI005000,S0524B0172,05/14/2024 08:40,Field pH,0,, 9,,pH Units,EPA 150.1 (Field) [1]*,.3 Meters,"Water, Natural",Normal Sample,0,Post Treatment Mid Silverwood Lake,,
2040,"1000 - Non-Public, Review Status Unknown",Mid-Lake Silverwood,Mid-Lake Silverwood,SI005000,S0524B0172,05/14/2024 08:40,Field Secchi Depth,0,, 5.5,,Meters,Secchi Depth [1]*,.3 Meters,"Water, Natural",Normal Sample,0,Post Treatment Mid Silverwood Lake,,
2040,"1000 - Non-Public, Review Status Unknown",Mid-Lake Silverwood,Mid-Lake Silverwood,SI005000,S0524B0172,05/14/2024 08:40,Field Water Temperature,0,, 17.8,,°C,EPA 170.1 (Field) [1]*,.3 Meters,"Water, Natural",Normal Sample,0,Post Treatment Mid Silverwood Lake,,
2040,"1000 - Non-Public, Review Status Unknown",Mid-Lake Silverwood,Mid-Lake Silverwood,SI005000,S0524B0172,05/14/2024 08:40,Field Turbidity,0,, 0.6,,N.T.U.,EPA 180.1 (Field) [D-2]*,.3 Meters,"Water, Natural",Normal Sample,0,Post Treatment Mid Silverwood Lake,,
2040,"1000 - Non-Public, Review Status Unknown",Silverwood Lake Stream Release @ Cedar Springs Dam,Silverwood Lk SR,SI001000,S0524B0173,05/14/2024 09:30,Specific Conductance,0,,407,5,µmhos/cm@25°C,Std Method 2510-B [1]*,.3 Meters,"Water, Natural",Normal Sample,0,Post Treatment,,N
2040,"1000 - Non-Public, Review Status Unknown",Silverwood Lake Stream Release @ Cedar Springs Dam,Silverwood Lk SR,SI001000,S0524B0173,05/14/2024 09:30,Field Specific Conductance,0,, 406,,uS/cm@25 °C,EPA 120.1 (Field) [1]*,.3 Meters,"Water, Natural",Normal Sample,0,Post Treatment,,
2040,"1000 - Non-Public, Review Status Unknown",Silverwood Lake Stream Release @ Cedar Springs Dam,Silverwood Lk SR,SI001000,S0524B0173,05/14/2024 09:30,Field Dissolved Oxygen,0,, 10.1,,mg/L,ASTM Method D888-09-C (Field) [1]*,.3 Meters,"Water, Natural",Normal Sample,0,Post Treatment,,
2040,"1000 - Non-Public, Review Status Unknown",Silverwood Lake Stream Release @ Cedar Springs Dam,Silverwood Lk SR,SI001000,S0524B0173,05/14/2024 09:30,Field Percent Cloud Cover,0,,N/A,,%,Weather Observations [1]*,.3 Meters,"Water, Natural",Normal Sample,0,Post Treatment,,
2040,"1000 - Non-Public, Review Status Unknown",Silverwood Lake Stream Release @ Cedar Springs Dam,Silverwood Lk SR,SI001000,S0524B0173,05/14/2024 09:30,Field pH,0,, 8.9,,pH Units,EPA 150.1 (Field) [1]*,.3 Meters,"Water, Natural",Normal Sample,0,Post Treatment,,
2040,"1000 - Non-Public, Review Status Unknown",Silverwood Lake Stream Release @ Cedar Springs Dam,Silverwood Lk SR,SI001000,S0524B0173,05/14/2024 09:30,Field Secchi Depth,0,, 4.3,,Meters,Secchi Depth [1]*,.3 Meters,"Water, Natural",Normal Sample,0,Post Treatment,,
2040,"1000 - Non-Public, Review Status Unknown",Silverwood Lake Stream Release @ Cedar Springs Dam,Silverwood Lk SR,SI001000,S0524B0173,05/14/2024 09:30,Field Water Temperature,0,, 18.1,,°C,EPA 170.1 (Field) [1]*,.3 Meters,"Water, Natural",Normal Sample,0,Post Treatment,,
2040,"1000 - Non-Public, Review Status Unknown",Silverwood Lake Stream Release @ Cedar Springs Dam,Silverwood Lk SR,SI001000,S0524B0173,05/14/2024 09:30,Field Turbidity,0,, 1.7,,N.T.U.,EPA 180.1 (Field) [D-2]*,.3 Meters,"Water, Natural",Normal Sample,0,Post Treatment,,
2040,"1000 - Non-Public, Review Status Unknown",Lake Perris West of Alessandro Island,PE005000,PE005000,S0623B0168,06/09/2023 06:40,Specific Conductance,0,,548,5,µmhos/cm@25°C,Std Method 2510-B [1]*,.3 Meters,"Water, Natural",Normal Sample,0,Pre Treatment,,N
2040,"1000 - Non-Public, Review Status Unknown",Lake Perris West of Alessandro Island,PE005000,PE005000,S0623B0168,06/09/2023 06:40,Field Specific Conductance,0,, 544,,uS/cm@25 °C,EPA 120.1 (Field) [1]*,.3 Meters,"Water, Natural",Normal Sample,0,Pre Treatment,,
2040,"1000 - Non-Public, Review Status Unknown",Lake Perris West of Alessandro Island,PE005000,PE005000,S0623B0168,06/09/2023 06:40,Field Dissolved Oxygen,0,, 13.1,,mg/L,ASTM Method D888-09-C (Field) [1]*,.3 Meters,"Water, Natural",Normal Sample,0,Pre Treatment,,
2040,"1000 - Non-Public, Review Status Unknown",Lake Perris West of Alessandro Island,PE005000,PE005000,S0623B0168,06/09/2023 06:40,Field Percent Cloud Cover,0,, 100,,%,Weather Observations [1]*,.3 Meters,"Water, Natural",Normal Sample,0,Pre Treatment,,
2040,"1000 - Non-Public, Review Status Unknown",Lake Perris West of Alessandro Island,PE005000,PE005000,S0623B0168,06/09/2023 06:40,Field pH,0,, 9.6,,pH Units,EPA 150.1 (Field) [1]*,.3 Meters,"Water, Natural",Normal Sample,0,Pre Treatment,,
2040,"1000 - Non-Public, Review Status Unknown",Lake Perris West of Alessandro Island,PE005000,PE005000,S0623B0168,06/09/2023 06:40,Field Secchi Depth,0,, 2.5,,Meters,Secchi Depth [1]*,.3 Meters,"Water, Natural",Normal Sample,0,Pre Treatment,,
2040,"1000 - Non-Public, Review Status Unknown",Lake Perris West of Alessandro Island,PE005000,PE005000,S0623B0168,06/09/2023 06:40,Field Water Temperature,0,, 21,,°C,EPA 170.1 (Field) [1]*,.3 Meters,"Water, Natural",Normal Sample,0,Pre Treatment,,
2040,"1000 - Non-Public, Review Status Unknown",Lake Perris West of Alessandro Island,PE005000,PE005000,S0623B0168,06/09/2023 06:40,Field Turbidity,0,, 6,,N.T.U.,EPA 180.1 (Field) [D-2]*,.3 Meters,"Water, Natural",Normal Sample,0,Pre Treatment,,
2040,"1000 - Non-Public, Review Status Unknown",Lake Perris Outlet,LkPerris@Outlet,PE002000,S0623B0169,06/09/2023 12:00,Specific Conductance,0,,556,5,µmhos/cm@25°C,Std Method 2510-B [1]*,.3 Meters,"Water, Natural",Normal Sample,0,Event Treatment,,N
2040,"1000 - Non-Public, Review Status Unknown",Lake Perris West of Alessandro Island,PE005000,PE005000,S0623B0170,06/12/2023 08:05,Specific Conductance,0,,552,5,µmhos/cm@25°C,Std Method 2510-B [1]*,.3 Meters,"Water, Natural",Normal Sample,0,Post treatment,,N
2040,"1000 - Non-Public, Review Status Unknown",Lake Perris West of Alessandro Island,PE005000,PE005000,S0623B0170,06/12/2023 08:05,Field Specific Conductance,0,, 533,,uS/cm@25 °C,EPA 120.1 (Field) [1]*,.3 Meters,"Water, Natural",Normal Sample,0,Post treatment,,
2040,"1000 - Non-Public, Review Status Unknown",Lake Perris West of Alessandro Island,PE005000,PE005000,S0623B0170,06/12/2023 08:05,Field Dissolved Oxygen,0,, 9.6,,mg/L,ASTM Method D888-09-C (Field) [1]*,.3 Meters,"Water, Natural",Normal Sample,0,Post treatment,,
2040,"1000 - Non-Public, Review Status Unknown",Lake Perris West of Alessandro Island,PE005000,PE005000,S0623B0170,06/12/2023 08:05,Field Percent Cloud Cover,0,, 100,,%,Weather Observations [1]*,.3 Meters,"Water, Natural",Normal Sample,0,Post treatment,,
2040,"1000 - Non-Public, Review Status Unknown",Lake Perris West of Alessandro Island,PE005000,PE005000,S0623B0170,06/12/2023 08:05,Field pH,0,, 9.4,,pH Units,EPA 150.1 (Field) [1]*,.3 Meters,"Water, Natural",Normal Sample,0,Post treatment,,
2040,"1000 - Non-Public, Review Status Unknown",Lake Perris West of Alessandro Island,PE005000,PE005000,S0623B0170,06/12/2023 08:05,Field Secchi Depth,0,, 3.1,,Meters,Secchi Depth [1]*,.3 Meters,"Water, Natural",Normal Sample,0,Post treatment,,
2040,"1000 - Non-Public, Review Status Unknown",Lake Perris West of Alessandro Island,PE005000,PE005000,S0623B0170,06/12/2023 08:05,Field Water Temperature,0,, 20,,°C,EPA 170.1 (Field) [1]*,.3 Meters,"Water, Natural",Normal Sample,0,Post treatment,,
2040,"1000 - Non-Public, Review Status Unknown",Lake Perris West of Alessandro Island,PE005000,PE005000,S0623B0170,06/12/2023 08:05,Field Turbidity,0,, 5,,N.T.U.,EPA 180.1 (Field) [D-2]*,.3 Meters,"Water, Natural",Normal Sample,0,Post treatment,,
2040,"3000 - Public, Review Status Unknown",Pacheco Pumping Plant,Pacheco PP,SL000000,SL0623B0065,06/20/2023 08:30,Dissolved Bromide,24959-67-9,,0.18,0.1,mg/L,EPA 300.0 [1]*,0 Meters,"Water, Natural",Normal Sample,0,,,N
2040,"3000 - Public, Review Status Unknown",Pacheco Pumping Plant,Pacheco PP,SL000000,SL0623B0065,06/20/2023 08:30,Dissolved Chloride,16887-00-6,,61.9,5,mg/L,EPA 300.0 [1]*,0 Meters,"Water, Natural",Normal Sample,0,,,N
2040,"3000 - Public, Review Status Unknown",Pacheco Pumping Plant,Pacheco PP,SL000000,SL0623B0065,06/20/2023 08:30,Specific Conductance,0,,462,5,µmhos/cm@25°C,Std Method 2510-B [1]*,0 Meters,"Water, Natural",Normal Sample,0,,,N
2040,"3000 - Public, Review Status Unknown",Pacheco Pumping Plant,Pacheco PP,SL000000,SL0623B0065,06/20/2023 08:30,Dissolved Nitrate,14797-55-8,,4.73,0.5,mg/L,EPA 300.0 [1]*,0 Meters,"Water, Natural",Normal Sample,0,,,N
2040,"3000 - Public, Review Status Unknown",Pacheco Pumping Plant,Pacheco PP,SL000000,SL0623B0065,06/20/2023 08:30,Total Dissolved Solids,0,,265,2.5,mg/L,Std Method 2540 C [1]*,0 Meters,"Water, Natural",Normal Sample,0,,,N
2040,"3000 - Public, Review Status Unknown",Pacheco Pumping Plant,Pacheco PP,SL000000,SL0623B0065,06/20/2023 08:30,Dissolved Sulfate,14808-79-8,,36.8,5,mg/L,EPA 300.0 [1]*,0 Meters,"Water, Natural",Normal Sample,0,,,N
2040,"3000 - Public, Review Status Unknown",Pacheco Pumping Plant,Pacheco PP,SL000000,SL0623B0065,06/20/2023 08:30,Field Specific Conductance,0,, 450,,uS/cm@25 °C,EPA 120.1 (Field) [1]*,0 Meters,"Water, Natural",Normal Sample,0,,,
2040,"3000 - Public, Review Status Unknown",Pacheco Pumping Plant,Pacheco PP,SL000000,SL0623B0065,06/20/2023 08:30,Field pH,0,, 7.5,,pH Units,EPA 150.1 (Field) [1]*,0 Meters,"Water, Natural",Normal Sample,0,,,
2040,"3000 - Public, Review Status Unknown",Pacheco Pumping Plant,Pacheco PP,SL000000,SL0623B0065,06/20/2023 08:30,Field Water Temperature,0,, 13.8,,°C,EPA 170.1 (Field) [1]*,0 Meters,"Water, Natural",Normal Sample,0,,,
2040,"3000 - Public, Review Status Unknown",Pacheco Pumping Plant,Pacheco PP,SL000000,SL0623B0065,06/20/2023 08:30,Field Turbidity,0,, 4.4,,N.T.U.,EPA 180.1 (Field) [D-2]*,0 Meters,"Water, Natural",Normal Sample,0,,,
2040,"3000 - Public, Review Status Unknown",CALIFORNIA AQU NR KETTLEMAN CK-21,Check 21,KA017226,SL0623B0063,06/20/2023 09:35,Dissolved Bromide,24959-67-9,,<0.1,0.1,mg/L,EPA 300.0 [1]*,0 Meters,"Water, Natural",Normal Sample,0,,,N
2040,"3000 - Public, Review Status Unknown",CALIFORNIA AQU NR KETTLEMAN CK-21,Check 21,KA017226,SL0623B0063,06/20/2023 09:35,Dissolved Bromide,24959-67-9,Y,<0.1,0.1,mg/L,EPA 300.0 [1]*,0 Meters,"Water, Natural",Normal Sample,0,,,N
2040,"3000 - Public, Review Status Unknown",CALIFORNIA AQU NR KETTLEMAN CK-21,Check 21,KA017226,SL0623B0063,06/20/2023 09:35,Dissolved Chloride,16887-00-6,Y,12.7,1,mg/L,EPA 300.0 [1]*,0 Meters,"Water, Natural",Normal Sample,0,,,N
2040,"3000 - Public, Review Status Unknown",CALIFORNIA AQU NR KETTLEMAN CK-21,Check 21,KA017226,SL0623B0063,06/20/2023 09:35,Dissolved Chloride,16887-00-6,,12.7,1,mg/L,EPA 300.0 [1]*,0 Meters,"Water, Natural",Normal Sample,0,,,N
2040,"3000 - Public, Review Status Unknown",CALIFORNIA AQU NR KETTLEMAN CK-21,Check 21,KA017226,SL0623B0063,06/20/2023 09:35,Specific Conductance,0,,134,5,µmhos/cm@25°C,Std Method 2510-B [1]*,0 Meters,"Water, Natural",Normal Sample,0,,,N
2040,"3000 - Public, Review Status Unknown",CALIFORNIA AQU NR KETTLEMAN CK-21,Check 21,KA017226,SL0623B0063,06/20/2023 09:35,Dissolved Nitrate,14797-55-8,,0.86,0.1,mg/L,EPA 300.0 [1]*,0 Meters,"Water, Natural",Normal Sample,0,,,N
2040,"3000 - Public, Review Status Unknown",CALIFORNIA AQU NR KETTLEMAN CK-21,Check 21,KA017226,SL0623B0063,06/20/2023 09:35,Dissolved Nitrate,14797-55-8,Y,0.847,0.1,mg/L,EPA 300.0 [1]*,0 Meters,"Water, Natural",Normal Sample,0,,,N
2040,"3000 - Public, Review Status Unknown",CALIFORNIA AQU NR KETTLEMAN CK-21,Check 21,KA017226,SL0623B0063,06/20/2023 09:35,Total Dissolved Solids,0,,82,2.5,mg/L,Std Method 2540 C [1]*,0 Meters,"Water, Natural",Normal Sample,0,,,N
2040,"3000 - Public, Review Status Unknown",CALIFORNIA AQU NR KETTLEMAN CK-21,Check 21,KA017226,SL0623B0063,06/20/2023 09:35,Total Suspended Solids,0,,16,2.5,mg/L,Std Method 2540 D [1]*,0 Meters,"Water, Natural",Normal Sample,0,,,N
2040,"3000 - Public, Review Status Unknown",CALIFORNIA AQU NR KETTLEMAN CK-21,Check 21,KA017226,SL0623B0063,06/20/2023 09:35,Dissolved Sulfate,14808-79-8,,9.81,1,mg/L,EPA 300.0 [1]*,0 Meters,"Water, Natural",Normal Sample,0,,,N
2040,"3000 - Public, Review Status Unknown",CALIFORNIA AQU NR KETTLEMAN CK-21,Check 21,KA017226,SL0623B0063,06/20/2023 09:35,Dissolved Sulfate,14808-79-8,Y,9.81,1,mg/L,EPA 300.0 [1]*,0 Meters,"Water, Natural",Normal Sample,0,,,N
2040,"3000 - Public, Review Status Unknown",CALIFORNIA AQU NR KETTLEMAN CK-21,Check 21,KA017226,SL0623B0063,06/20/2023 09:35,Field Specific Conductance,0,, 135,,uS/cm@25 °C,EPA 120.1 (Field) [1]*,0 Meters,"Water, Natural",Normal Sample,0,,,
2040,"3000 - Public, Review Status Unknown",CALIFORNIA AQU NR KETTLEMAN CK-21,Check 21,KA017226,SL0623B0063,06/20/2023 09:35,Field pH,0,, 7.8,,pH Units,EPA 150.1 (Field) [1]*,0 Meters,"Water, Natural",Normal Sample,0,,,
2040,"3000 - Public, Review Status Unknown",CALIFORNIA AQU NR KETTLEMAN CK-21,Check 21,KA017226,SL0623B0063,06/20/2023 09:35,Field Water Temperature,0,, 22,,°C,EPA 170.1 (Field) [1]*,0 Meters,"Water, Natural",Normal Sample,0,,,
2040,"3000 - Public, Review Status Unknown",CALIFORNIA AQU NR KETTLEMAN CK-21,Check 21,KA017226,SL0623B0063,06/20/2023 09:35,Field Turbidity,0,, 16.5,,N.T.U.,EPA 180.1 (Field) [D-2]*,0 Meters,"Water, Natural",Normal Sample,0,,,
2040,"3000 - Public, Review Status Unknown","CA Aqueduct, Ck 13, O'Neill Outlet",CHECK 13,KA007089,SL0623B0069,06/20/2023 10:30,Dissolved Bromide,24959-67-9,,<0.1,0.1,mg/L,EPA 300.0 [1]*,0 Meters,"Water, Natural",Normal Sample,0,,,N
2040,"3000 - Public, Review Status Unknown","CA Aqueduct, Ck 13, O'Neill Outlet",CHECK 13,KA007089,SL0623B0069,06/20/2023 10:30,Dissolved Chloride,16887-00-6,,8.74,1,mg/L,EPA 300.0 [1]*,0 Meters,"Water, Natural",Normal Sample,0,,,N
2040,"3000 - Public, Review Status Unknown","CA Aqueduct, Ck 13, O'Neill Outlet",CHECK 13,KA007089,SL0623B0069,06/20/2023 10:30,Specific Conductance,0,,106,5,µmhos/cm@25°C,Std Method 2510-B [1]*,0 Meters,"Water, Natural",Normal Sample,0,,,N
2040,"3000 - Public, Review Status Unknown","CA Aqueduct, Ck 13, O'Neill Outlet",CHECK 13,KA007089,SL0623B0069,06/20/2023 10:30,Dissolved Nitrate,14797-55-8,,0.671,0.1,mg/L,EPA 300.0 [1]*,0 Meters,"Water, Natural",Normal Sample,0,,,N
2040,"3000 - Public, Review Status Unknown","CA Aqueduct, Ck 13, O'Neill Outlet",CHECK 13,KA007089,SL0623B0069,06/20/2023 10:30,Total Dissolved Solids,0,,68,2.5,mg/L,Std Method 2540 C [1]*,0 Meters,"Water, Natural",Normal Sample,0,,,N
2040,"3000 - Public, Review Status Unknown","CA Aqueduct, Ck 13, O'Neill Outlet",CHECK 13,KA007089,SL0623B0069,06/20/2023 10:30,Total Suspended Solids,0,,7.9,2.5,mg/L,Std Method 2540 D [1]*,0 Meters,"Water, Natural",Normal Sample,0,,,N
2040,"3000 - Public, Review Status Unknown","CA Aqueduct, Ck 13, O'Neill Outlet",CHECK 13,KA007089,SL0623B0069,06/20/2023 10:30,Dissolved Sulfate,14808-79-8,,7.25,1,mg/L,EPA 300.0 [1]*,0 Meters,"Water, Natural",Normal Sample,0,,,N
2040,"3000 - Public, Review Status Unknown","CA Aqueduct, Ck 13, O'Neill Outlet",CHECK 13,KA007089,SL0623B0069,06/20/2023 10:30,Field Specific Conductance,0,, 106,,uS/cm@25 °C,EPA 120.1 (Field) [1]*,0 Meters,"Water, Natural",Normal Sample,0,,,
2040,"3000 - Public, Review Status Unknown","CA Aqueduct, Ck 13, O'Neill Outlet",CHECK 13,KA007089,SL0623B0069,06/20/2023 10:30,Field pH,0,, 7.3,,pH Units,EPA 150.1 (Field) [1]*,0 Meters,"Water, Natural",Normal Sample,0,,,
2040,"3000 - Public, Review Status Unknown","CA Aqueduct, Ck 13, O'Neill Outlet",CHECK 13,KA007089,SL0623B0069,06/20/2023 10:30,Field Water Temperature,0,, 20.9,,°C,EPA 170.1 (Field) [1]*,0 Meters,"Water, Natural",Normal Sample,0,,,
2040,"3000 - Public, Review Status Unknown","CA Aqueduct, Ck 13, O'Neill Outlet",CHECK 13,KA007089,SL0623B0069,06/20/2023 10:30,Field Turbidity,0,, 12.8,,N.T.U.,EPA 180.1 (Field) [D-2]*,0 Meters,"Water, Natural",Normal Sample,0,,,
2040,"3000 - Public, Review Status Unknown",Delta Mendota Canal @ McCabe Rd,DMC @McCabe Rd,DMC06716,SL0623B0070,06/20/2023 12:45,Dissolved Bromide,24959-67-9,,<0.1,0.1,mg/L,EPA 300.0 [1]*,0 Meters,"Water, Natural",Normal Sample,0,,,N
2040,"3000 - Public, Review Status Unknown",Delta Mendota Canal @ McCabe Rd,DMC @McCabe Rd,DMC06716,SL0623B0070,06/20/2023 12:45,Dissolved Chloride,16887-00-6,,12.9,1,mg/L,EPA 300.0 [1]*,0 Meters,"Water, Natural",Normal Sample,0,,,N
2040,"3000 - Public, Review Status Unknown",Delta Mendota Canal @ McCabe Rd,DMC @McCabe Rd,DMC06716,SL0623B0070,06/20/2023 12:45,Specific Conductance,0,,135,5,µmhos/cm@25°C,Std Method 2510-B [1]*,0 Meters,"Water, Natural",Normal Sample,0,,,N
2040,"3000 - Public, Review Status Unknown",Delta Mendota Canal @ McCabe Rd,DMC @McCabe Rd,DMC06716,SL0623B0070,06/20/2023 12:45,Dissolved Nitrate,14797-55-8,,1.11,0.1,mg/L,EPA 300.0 [1]*,0 Meters,"Water, Natural",Normal Sample,0,,,N
2040,"3000 - Public, Review Status Unknown",Delta Mendota Canal @ McCabe Rd,DMC @McCabe Rd,DMC06716,SL0623B0070,06/20/2023 12:45,Total Dissolved Solids,0,,84,2.5,mg/L,Std Method 2540 C [1]*,0 Meters,"Water, Natural",Normal Sample,0,,,N
2040,"3000 - Public, Review Status Unknown",Delta Mendota Canal @ McCabe Rd,DMC @McCabe Rd,DMC06716,SL0623B0070,06/20/2023 12:45,Total Dissolved Solids,0,Y,84,2.5,mg/L,Std Method 2540 C [1]*,0 Meters,"Water, Natural",Normal Sample,0,,,N
2040,"3000 - Public, Review Status Unknown",Delta Mendota Canal @ McCabe Rd,DMC @McCabe Rd,DMC06716,SL0623B0070,06/20/2023 12:45,Total Suspended Solids,0,Y,11,2.5,mg/L,Std Method 2540 D [1]*,0 Meters,"Water, Natural",Normal Sample,0,,,N
2040,"3000 - Public, Review Status Unknown",Delta Mendota Canal @ McCabe Rd,DMC @McCabe Rd,DMC06716,SL0623B0070,06/20/2023 12:45,Total Suspended Solids,0,,11.2,2.5,mg/L,Std Method 2540 D [1]*,0 Meters,"Water, Natural",Normal Sample,0,,Duplicate,N
2040,"3000 - Public, Review Status Unknown",Delta Mendota Canal @ McCabe Rd,DMC @McCabe Rd,DMC06716,SL0623B0070,06/20/2023 12:45,Dissolved Sulfate,14808-79-8,,10.3,1,mg/L,EPA 300.0 [1]*,0 Meters,"Water, Natural",Normal Sample,0,,,N
2040,"3000 - Public, Review Status Unknown",Delta Mendota Canal @ McCabe Rd,DMC @McCabe Rd,DMC06716,SL0623B0070,06/20/2023 12:45,Field Specific Conductance,0,, 138,,uS/cm@25 °C,EPA 120.1 (Field) [1]*,0 Meters,"Water, Natural",Normal Sample,0,,,
2040,"3000 - Public, Review Status Unknown",Delta Mendota Canal @ McCabe Rd,DMC @McCabe Rd,DMC06716,SL0623B0070,06/20/2023 12:45,Field pH,0,, 7.6,,pH Units,EPA 150.1 (Field) [1]*,0 Meters,"Water, Natural",Normal Sample,0,,,
2040,"3000 - Public, Review Status Unknown",Delta Mendota Canal @ McCabe Rd,DMC @McCabe Rd,DMC06716,SL0623B0070,06/20/2023 12:45,Field Water Temperature,0,, 21.4,,°C,EPA 170.1 (Field) [1]*,0 Meters,"Water, Natural",Normal Sample,0,,,
2040,"3000 - Public, Review Status Unknown",Delta Mendota Canal @ McCabe Rd,DMC @McCabe Rd,DMC06716,SL0623B0070,06/20/2023 12:45,Field Turbidity,0,, 16.9,,N.T.U.,EPA 180.1 (Field) [D-2]*,0 Meters,"Water, Natural",Normal Sample,0,,,
2040,"3000 - Public, Review Status Unknown",Gianelli WQ Station near Pumping Plant,Gianelli,ON003050,SL0623B0064,06/20/2023 14:00,Dissolved Bromide,24959-67-9,,0.18,0.1,mg/L,EPA 300.0 [1]*,0 Meters,"Water, Natural",Normal Sample,0,Gianelli WQ Station 1/4 mile south of Pumping plant,,N
2040,"3000 - Public, Review Status Unknown",Gianelli WQ Station near Pumping Plant,Gianelli,ON003050,SL0623B0064,06/20/2023 14:00,Dissolved Chloride,16887-00-6,,62,5,mg/L,EPA 300.0 [1]*,0 Meters,"Water, Natural",Normal Sample,0,Gianelli WQ Station 1/4 mile south of Pumping plant,,N
2040,"3000 - Public, Review Status Unknown",Gianelli WQ Station near Pumping Plant,Gianelli,ON003050,SL0623B0064,06/20/2023 14:00,Specific Conductance,0,,462,5,µmhos/cm@25°C,Std Method 2510-B [1]*,0 Meters,"Water, Natural",Normal Sample,0,Gianelli WQ Station 1/4 mile south of Pumping plant,,N
2040,"3000 - Public, Review Status Unknown",Gianelli WQ Station near Pumping Plant,Gianelli,ON003050,SL0623B0064,06/20/2023 14:00,Dissolved Nitrate,14797-55-8,,4.72,0.5,mg/L,EPA 300.0 [1]*,0 Meters,"Water, Natural",Normal Sample,0,Gianelli WQ Station 1/4 mile south of Pumping plant,,N
2040,"3000 - Public, Review Status Unknown",Gianelli WQ Station near Pumping Plant,Gianelli,ON003050,SL0623B0064,06/20/2023 14:00,Total Dissolved Solids,0,,266,2.5,mg/L,Std Method 2540 C [1]*,0 Meters,"Water, Natural",Normal Sample,0,Gianelli WQ Station 1/4 mile south of Pumping plant,,N
2040,"3000 - Public, Review Status Unknown",Gianelli WQ Station near Pumping Plant,Gianelli,ON003050,SL0623B0064,06/20/2023 14:00,Dissolved Sulfate,14808-79-8,,36.8,5,mg/L,EPA 300.0 [1]*,0 Meters,"Water, Natural",Normal Sample,0,Gianelli WQ Station 1/4 mile south of Pumping plant,,N
2040,"3000 - Public, Review Status Unknown",Gianelli WQ Station near Pumping Plant,Gianelli,ON003050,SL0623B0064,06/20/2023 14:00,Field Specific Conductance,0,, 450,,uS/cm@25 °C,EPA 120.1 (Field) [1]*,0 Meters,"Water, Natural",Normal Sample,0,Gianelli WQ Station 1/4 mile south of Pumping plant,,
2040,"3000 - Public, Review Status Unknown",Gianelli WQ Station near Pumping Plant,Gianelli,ON003050,SL0623B0064,06/20/2023 14:00,Field pH,0,, 7.4,,pH Units,EPA 150.1 (Field) [1]*,0 Meters,"Water, Natural",Normal Sample,0,Gianelli WQ Station 1/4 mile south of Pumping plant,,
2040,"3000 - Public, Review Status Unknown",Gianelli WQ Station near Pumping Plant,Gianelli,ON003050,SL0623B0064,06/20/2023 14:00,Field Water Temperature,0,, 14.5,,°C,EPA 170.1 (Field) [1]*,0 Meters,"Water, Natural",Normal Sample,0,Gianelli WQ Station 1/4 mile south of Pumping plant,,
2040,"3000 - Public, Review Status Unknown",Gianelli WQ Station near Pumping Plant,Gianelli,ON003050,SL0623B0064,06/20/2023 14:00,Field Turbidity,0,, 4.7,,N.T.U.,EPA 180.1 (Field) [D-2]*,0 Meters,"Water, Natural",Normal Sample,0,Gianelli WQ Station 1/4 mile south of Pumping plant,,
2040,"1000 - Non-Public, Review Status Unknown",(User Defined),(User Defined),(UserDefined),S0823B0261,08/02/2023 06:29,Specific Conductance,0,,219,5,µmhos/cm@25°C,Std Method 2510-B [1]*,.3 Meters,"Water, Natural",Normal Sample,0,Pre treatment,,N
2040,"1000 - Non-Public, Review Status Unknown",(User Defined),(User Defined),(UserDefined),S0823B0261,08/02/2023 06:29,Field Water Color (Description),0,,GRN,,,Field Observations (Water) [T]*,.3 Meters,"Water, Natural",Normal Sample,0,Pre treatment,,
2040,"1000 - Non-Public, Review Status Unknown",(User Defined),(User Defined),(UserDefined),S0823B0261,08/02/2023 06:29,Field Specific Conductance,0,, 227,,uS/cm@25 °C,EPA 120.1 (Field) [1]*,.3 Meters,"Water, Natural",Normal Sample,0,Pre treatment,,
2040,"1000 - Non-Public, Review Status Unknown",(User Defined),(User Defined),(UserDefined),S0823B0261,08/02/2023 06:29,Field Dissolved Oxygen,0,, 9.1,,mg/L,ASTM Method D888-09-C (Field) [1]*,.3 Meters,"Water, Natural",Normal Sample,0,Pre treatment,,
2040,"1000 - Non-Public, Review Status Unknown",(User Defined),(User Defined),(UserDefined),S0823B0261,08/02/2023 06:29,Field Percent Cloud Cover,0,, 10,,%,Weather Observations [1]*,.3 Meters,"Water, Natural",Normal Sample,0,Pre treatment,,
2040,"1000 - Non-Public, Review Status Unknown",(User Defined),(User Defined),(UserDefined),S0823B0261,08/02/2023 06:29,Field pH,0,, 10.2,,pH Units,EPA 150.1 (Field) [1]*,.3 Meters,"Water, Natural",Normal Sample,0,Pre treatment,,
2040,"1000 - Non-Public, Review Status Unknown",(User Defined),(User Defined),(UserDefined),S0823B0261,08/02/2023 06:29,Field Secchi Depth,0,, 1,,Meters,Secchi Depth [1]*,.3 Meters,"Water, Natural",Normal Sample,0,Pre treatment,,
2040,"1000 - Non-Public, Review Status Unknown",(User Defined),(User Defined),(UserDefined),S0823B0261,08/02/2023 06:29,Field Water Temperature,0,, 24.9,,°C,EPA 170.1 (Field) [1]*,.3 Meters,"Water, Natural",Normal Sample,0,Pre treatment,,
2040,"1000 - Non-Public, Review Status Unknown",(User Defined),(User Defined),(UserDefined),S0823B0261,08/02/2023 06:29,Field Turbidity,0,, 19.3,,N.T.U.,EPA 180.1 (Field) [D-2]*,.3 Meters,"Water, Natural",Normal Sample,0,Pre treatment,,
2040,"1000 - Non-Public, Review Status Unknown",(User Defined),(User Defined),(UserDefined),S0823B0262,08/02/2023 11:17,Specific Conductance,0,,220,5,µmhos/cm@25°C,Std Method 2510-B [1]*,.3 Meters,"Water, Natural",Normal Sample,0,Event treatment,,N
2040,"1000 - Non-Public, Review Status Unknown",(User Defined),(User Defined),(UserDefined),S0823B0262,08/02/2023 11:17,Field Water Color (Description),0,,GRN,,,Field Observations (Water) [T]*,.3 Meters,"Water, Natural",Normal Sample,0,Event treatment,,
2040,"1000 - Non-Public, Review Status Unknown",(User Defined),(User Defined),(UserDefined),S0823B0262,08/02/2023 11:17,Field Specific Conductance,0,, 219,,uS/cm@25 °C,EPA 120.1 (Field) [1]*,.3 Meters,"Water, Natural",Normal Sample,0,Event treatment,,
2040,"1000 - Non-Public, Review Status Unknown",(User Defined),(User Defined),(UserDefined),S0823B0262,08/02/2023 11:17,Field Dissolved Oxygen,0,, 9,,mg/L,ASTM Method D888-09-C (Field) [1]*,.3 Meters,"Water, Natural",Normal Sample,0,Event treatment,,
2040,"1000 - Non-Public, Review Status Unknown",(User Defined),(User Defined),(UserDefined),S0823B0262,08/02/2023 11:17,Field Percent Cloud Cover,0,, 10,,%,Weather Observations [1]*,.3 Meters,"Water, Natural",Normal Sample,0,Event treatment,,
2040,"1000 - Non-Public, Review Status Unknown",(User Defined),(User Defined),(UserDefined),S0823B0262,08/02/2023 11:17,Field pH,0,, 10.4,,pH Units,EPA 150.1 (Field) [1]*,.3 Meters,"Water, Natural",Normal Sample,0,Event treatment,,
2040,"1000 - Non-Public, Review Status Unknown",(User Defined),(User Defined),(UserDefined),S0823B0262,08/02/2023 11:17,Field Secchi Depth,0,, 0.8,,Meters,Secchi Depth [1]*,.3 Meters,"Water, Natural",Normal Sample,0,Event treatment,,
2040,"1000 - Non-Public, Review Status Unknown",(User Defined),(User Defined),(UserDefined),S0823B0262,08/02/2023 11:17,Field Water Temperature,0,, 26.1,,°C,EPA 170.1 (Field) [1]*,.3 Meters,"Water, Natural",Normal Sample,0,Event treatment,,
2040,"1000 - Non-Public, Review Status Unknown",(User Defined),(User Defined),(UserDefined),S0823B0262,08/02/2023 11:17,Field Turbidity,0,, 21.9,,N.T.U.,EPA 180.1 (Field) [D-2]*,.3 Meters,"Water, Natural",Normal Sample,0,Event treatment,,
2040,"1000 - Non-Public, Review Status Unknown",(User Defined),(User Defined),(UserDefined),S0823B0267,08/09/2023 08:00,Specific Conductance,0,,221,5,µmhos/cm@25°C,Std Method 2510-B [1]*,.3 Meters,"Water, Natural",Normal Sample,0,Post treatment,,N
2040,"1000 - Non-Public, Review Status Unknown",(User Defined),(User Defined),(UserDefined),S0823B0267,08/09/2023 08:00,Field Water Color (Description),0,,DARK GREEN,,,Field Observations (Water) [T]*,.3 Meters,"Water, Natural",Normal Sample,0,Post treatment,,
2040,"1000 - Non-Public, Review Status Unknown",(User Defined),(User Defined),(UserDefined),S0823B0267,08/09/2023 08:00,Field Specific Conductance,0,, 224,,uS/cm@25 °C,EPA 120.1 (Field) [1]*,.3 Meters,"Water, Natural",Normal Sample,0,Post treatment,,
2040,"1000 - Non-Public, Review Status Unknown",(User Defined),(User Defined),(UserDefined),S0823B0267,08/09/2023 08:00,Field Dissolved Oxygen,0,, 6.4,,mg/L,ASTM Method D888-09-C (Field) [1]*,.3 Meters,"Water, Natural",Normal Sample,0,Post treatment,,
2040,"1000 - Non-Public, Review Status Unknown",(User Defined),(User Defined),(UserDefined),S0823B0267,08/09/2023 08:00,Field Percent Cloud Cover,0,, 50,,%,Weather Observations [1]*,.3 Meters,"Water, Natural",Normal Sample,0,Post treatment,,
2040,"1000 - Non-Public, Review Status Unknown",(User Defined),(User Defined),(UserDefined),S0823B0267,08/09/2023 08:00,Field pH,0,, 9.7,,pH Units,EPA 150.1 (Field) [1]*,.3 Meters,"Water, Natural",Normal Sample,0,Post treatment,,
2040,"1000 - Non-Public, Review Status Unknown",(User Defined),(User Defined),(UserDefined),S0823B0267,08/09/2023 08:00,Field Secchi Depth,0,, 1.6,,Meters,Secchi Depth [1]*,.3 Meters,"Water, Natural",Normal Sample,0,Post treatment,,
2040,"1000 - Non-Public, Review Status Unknown",(User Defined),(User Defined),(UserDefined),S0823B0267,08/09/2023 08:00,Field Water Temperature,0,, 25.1,,°C,EPA 170.1 (Field) [1]*,.3 Meters,"Water, Natural",Normal Sample,0,Post treatment,,
2040,"1000 - Non-Public, Review Status Unknown",(User Defined),(User Defined),(UserDefined),S0823B0267,08/09/2023 08:00,Field Turbidity,0,, 5,,N.T.U.,EPA 180.1 (Field) [D-2]*,.3 Meters,"Water, Natural",Normal Sample,0,Post treatment,,
2040,"1000 - Non-Public, Review Status Unknown",South Bay Aqueduct Del Valle Check 7,Del Valle Check,KB001638,D0823B0068,08/28/2023 11:25,Field Specific Conductance,0,, 215,,uS/cm@25 °C,EPA 120.1 (Field) [1]*,1 Meters,"Water, Natural",Normal Sample,0,Before treatment sample.,,
2040,"1000 - Non-Public, Review Status Unknown",South Bay Aqueduct Del Valle Check 7,Del Valle Check,KB001638,D0823B0068,08/28/2023 11:25,Field Dissolved Oxygen,0,, 10.1,,mg/L,ASTM Method D888-09-C (Field) [1]*,1 Meters,"Water, Natural",Normal Sample,0,Before treatment sample.,,
2040,"1000 - Non-Public, Review Status Unknown",South Bay Aqueduct Del Valle Check 7,Del Valle Check,KB001638,D0823B0068,08/28/2023 11:25,Field pH,0,, 8.9,,pH Units,EPA 150.1 (Field) [1]*,1 Meters,"Water, Natural",Normal Sample,0,Before treatment sample.,,
2040,"1000 - Non-Public, Review Status Unknown",South Bay Aqueduct Del Valle Check 7,Del Valle Check,KB001638,D0823B0068,08/28/2023 11:25,Field Water Temperature,0,, 25.4,,°C,EPA 170.1 (Field) [1]*,1 Meters,"Water, Natural",Normal Sample,0,Before treatment sample.,,
2040,"1000 - Non-Public, Review Status Unknown",South Bay Aqueduct Del Valle Check 7,Del Valle Check,KB001638,D0823B0068,08/28/2023 11:25,Field Turbidity,0,, 9.1,,N.T.U.,EPA 180.1 (Field) [D-2]*,1 Meters,"Water, Natural",Normal Sample,0,Before treatment sample.,,
2040,"1000 - Non-Public, Review Status Unknown",SBA Wenti 1 turn out,SBA Wenti 1 turn out,KB001350,D0823B0069,08/29/2023 11:15,Field Specific Conductance,0,, 216,,uS/cm@25 °C,EPA 120.1 (Field) [1]*,1 Meters,"Water, Natural",Normal Sample,0,During treatment sample.,,
2040,"1000 - Non-Public, Review Status Unknown",SBA Wenti 1 turn out,SBA Wenti 1 turn out,KB001350,D0823B0069,08/29/2023 11:15,Field Dissolved Oxygen,0,, 8.8,,mg/L,ASTM Method D888-09-C (Field) [1]*,1 Meters,"Water, Natural",Normal Sample,0,During treatment sample.,,
2040,"1000 - Non-Public, Review Status Unknown",SBA Wenti 1 turn out,SBA Wenti 1 turn out,KB001350,D0823B0069,08/29/2023 11:15,Field pH,0,, 8.7,,pH Units,EPA 150.1 (Field) [1]*,1 Meters,"Water, Natural",Normal Sample,0,During treatment sample.,,
2040,"1000 - Non-Public, Review Status Unknown",SBA Wenti 1 turn out,SBA Wenti 1 turn out,KB001350,D0823B0069,08/29/2023 11:15,Field Water Temperature,0,, 25.1,,°C,EPA 170.1 (Field) [1]*,1 Meters,"Water, Natural",Normal Sample,0,During treatment sample.,,
2040,"1000 - Non-Public, Review Status Unknown",SBA Wenti 1 turn out,SBA Wenti 1 turn out,KB001350,D0823B0069,08/29/2023 11:15,Field Turbidity,0,, 6.8,,N.T.U.,EPA 180.1 (Field) [D-2]*,1 Meters,"Water, Natural",Normal Sample,0,During treatment sample.,,
2040,"1000 - Non-Public, Review Status Unknown",South Bay Aqueduct Del Valle Check 7,Del Valle Check,KB001638,D0823B0070,09/05/2023 11:40,Field Specific Conductance,0,, 225,,uS/cm@25 °C,EPA 120.1 (Field) [1]*,1 Meters,"Water, Natural",Normal Sample,0,After treatment sample.,,
2040,"1000 - Non-Public, Review Status Unknown",South Bay Aqueduct Del Valle Check 7,Del Valle Check,KB001638,D0823B0070,09/05/2023 11:40,Field Dissolved Oxygen,0,, 10.3,,mg/L,ASTM Method D888-09-C (Field) [1]*,1 Meters,"Water, Natural",Normal Sample,0,After treatment sample.,,
2040,"1000 - Non-Public, Review Status Unknown",South Bay Aqueduct Del Valle Check 7,Del Valle Check,KB001638,D0823B0070,09/05/2023 11:40,Field pH,0,, 9.3,,pH Units,EPA 150.1 (Field) [1]*,1 Meters,"Water, Natural",Normal Sample,0,After treatment sample.,,
2040,"1000 - Non-Public, Review Status Unknown",South Bay Aqueduct Del Valle Check 7,Del Valle Check,KB001638,D0823B0070,09/05/2023 11:40,Field Water Temperature,0,, 22.8,,°C,EPA 170.1 (Field) [1]*,1 Meters,"Water, Natural",Normal Sample,0,After treatment sample.,,
2040,"1000 - Non-Public, Review Status Unknown",South Bay Aqueduct Del Valle Check 7,Del Valle Check,KB001638,D0823B0070,09/05/2023 11:40,Field Turbidity,0,, 3.9,,N.T.U.,EPA 180.1 (Field) [D-2]*,1 Meters,"Water, Natural",Normal Sample,0,After treatment sample.,,
2040,"3000 - Public, Review Status Unknown",CALIFORNIA AQU NR KETTLEMAN CK-21,Check 21,KA017226,SL0923B0105,09/19/2023 09:00,Dissolved Bromide,24959-67-9,,0.141,0.1,mg/L,EPA 300.0 [1]*,0 Meters,"Water, Natural",Normal Sample,0,,,N
2040,"3000 - Public, Review Status Unknown",CALIFORNIA AQU NR KETTLEMAN CK-21,Check 21,KA017226,SL0923B0105,09/19/2023 09:00,Dissolved Bromide,24959-67-9,Y,0.138,0.1,mg/L,EPA 300.0 [1]*,0 Meters,"Water, Natural",Normal Sample,0,,,N
2040,"3000 - Public, Review Status Unknown",CALIFORNIA AQU NR KETTLEMAN CK-21,Check 21,KA017226,SL0923B0105,09/19/2023 09:00,Dissolved Chloride,16887-00-6,Y,45.5,5,mg/L,EPA 300.0 [1]*,0 Meters,"Water, Natural",Normal Sample,0,,,N
2040,"3000 - Public, Review Status Unknown",CALIFORNIA AQU NR KETTLEMAN CK-21,Check 21,KA017226,SL0923B0105,09/19/2023 09:00,Dissolved Chloride,16887-00-6,,45.8,5,mg/L,EPA 300.0 [1]*,0 Meters,"Water, Natural",Normal Sample,0,,,N
2040,"3000 - Public, Review Status Unknown",CALIFORNIA AQU NR KETTLEMAN CK-21,Check 21,KA017226,SL0923B0105,09/19/2023 09:00,Specific Conductance,0,,344,5,µmhos/cm@25°C,Std Method 2510-B [1]*,0 Meters,"Water, Natural",Normal Sample,0,,,N
2040,"3000 - Public, Review Status Unknown",CALIFORNIA AQU NR KETTLEMAN CK-21,Check 21,KA017226,SL0923B0105,09/19/2023 09:00,Dissolved Nitrate,14797-55-8,,2.15,0.5,mg/L,EPA 300.0 [1]*,0 Meters,"Water, Natural",Normal Sample,0,,,N
2040,"3000 - Public, Review Status Unknown",CALIFORNIA AQU NR KETTLEMAN CK-21,Check 21,KA017226,SL0923B0105,09/19/2023 09:00,Dissolved Nitrate,14797-55-8,Y,2.13,0.5,mg/L,EPA 300.0 [1]*,0 Meters,"Water, Natural",Normal Sample,0,,,N
2040,"3000 - Public, Review Status Unknown",CALIFORNIA AQU NR KETTLEMAN CK-21,Check 21,KA017226,SL0923B0105,09/19/2023 09:00,Total Dissolved Solids,0,,197,2.5,mg/L,Std Method 2540 C [1]*,0 Meters,"Water, Natural",Normal Sample,0,,,N
2040,"3000 - Public, Review Status Unknown",CALIFORNIA AQU NR KETTLEMAN CK-21,Check 21,KA017226,SL0923B0105,09/19/2023 09:00,Total Suspended Solids,0,,4.8,2.5,mg/L,Std Method 2540 D [1]*,0 Meters,"Water, Natural",Normal Sample,0,,,N
2040,"3000 - Public, Review Status Unknown",CALIFORNIA AQU NR KETTLEMAN CK-21,Check 21,KA017226,SL0923B0105,09/19/2023 09:00,Dissolved Sulfate,14808-79-8,Y,24.1,5,mg/L,EPA 300.0 [1]*,0 Meters,"Water, Natural",Normal Sample,0,,,N
2040,"3000 - Public, Review Status Unknown",CALIFORNIA AQU NR KETTLEMAN CK-21,Check 21,KA017226,SL0923B0105,09/19/2023 09:00,Dissolved Sulfate,14808-79-8,,24.3,5,mg/L,EPA 300.0 [1]*,0 Meters,"Water, Natural",Normal Sample,0,,,N
2040,"3000 - Public, Review Status Unknown",CALIFORNIA AQU NR KETTLEMAN CK-21,Check 21,KA017226,SL0923B0105,09/19/2023 09:00,Field Specific Conductance,0,, 344,,uS/cm@25 °C,EPA 120.1 (Field) [1]*,0 Meters,"Water, Natural",Normal Sample,0,,,
2040,"3000 - Public, Review Status Unknown",CALIFORNIA AQU NR KETTLEMAN CK-21,Check 21,KA017226,SL0923B0105,09/19/2023 09:00,Field pH,0,, 7.8,,pH Units,EPA 150.1 (Field) [1]*,0 Meters,"Water, Natural",Normal Sample,0,,,
2040,"3000 - Public, Review Status Unknown",CALIFORNIA AQU NR KETTLEMAN CK-21,Check 21,KA017226,SL0923B0105,09/19/2023 09:00,Field Water Temperature,0,, 21.7,,°C,EPA 170.1 (Field) [1]*,0 Meters,"Water, Natural",Normal Sample,0,,,
2040,"3000 - Public, Review Status Unknown",CALIFORNIA AQU NR KETTLEMAN CK-21,Check 21,KA017226,SL0923B0105,09/19/2023 09:00,Field Turbidity,0,, 4.4,,N.T.U.,EPA 180.1 (Field) [D-2]*,0 Meters,"Water, Natural",Normal Sample,0,,,
2040,"3000 - Public, Review Status Unknown",Delta Mendota Canal @ McCabe Rd,DMC @McCabe Rd,DMC06716,SL0923B0112,09/19/2023 11:45,Dissolved Bromide,24959-67-9,,0.105,0.1,mg/L,EPA 300.0 [1]*,0 Meters,"Water, Natural",Normal Sample,0,,,N
2040,"3000 - Public, Review Status Unknown",Delta Mendota Canal @ McCabe Rd,DMC @McCabe Rd,DMC06716,SL0923B0112,09/19/2023 11:45,Dissolved Chloride,16887-00-6,,30.1,3,mg/L,EPA 300.0 [1]*,0 Meters,"Water, Natural",Normal Sample,0,,,N
2040,"3000 - Public, Review Status Unknown",Delta Mendota Canal @ McCabe Rd,DMC @McCabe Rd,DMC06716,SL0923B0112,09/19/2023 11:45,Specific Conductance,0,,248,5,µmhos/cm@25°C,Std Method 2510-B [1]*,0 Meters,"Water, Natural",Normal Sample,0,,,N
2040,"3000 - Public, Review Status Unknown",Delta Mendota Canal @ McCabe Rd,DMC @McCabe Rd,DMC06716,SL0923B0112,09/19/2023 11:45,Dissolved Nitrate,14797-55-8,,0.796,0.1,mg/L,EPA 300.0 [1]*,0 Meters,"Water, Natural",Normal Sample,0,,,N
2040,"3000 - Public, Review Status Unknown",Delta Mendota Canal @ McCabe Rd,DMC @McCabe Rd,DMC06716,SL0923B0112,09/19/2023 11:45,Total Dissolved Solids,0,Y,147,2.5,mg/L,Std Method 2540 C [1]*,0 Meters,"Water, Natural",Normal Sample,0,,,N
2040,"3000 - Public, Review Status Unknown",Delta Mendota Canal @ McCabe Rd,DMC @McCabe Rd,DMC06716,SL0923B0112,09/19/2023 11:45,Total Dissolved Solids,0,,149,2.5,mg/L,Std Method 2540 C [1]*,0 Meters,"Water, Natural",Normal Sample,0,,,N
2040,"3000 - Public, Review Status Unknown",Delta Mendota Canal @ McCabe Rd,DMC @McCabe Rd,DMC06716,SL0923B0112,09/19/2023 11:45,Total Suspended Solids,0,,10.1,2.5,mg/L,Std Method 2540 D [1]*,0 Meters,"Water, Natural",Normal Sample,0,,,N
2040,"3000 - Public, Review Status Unknown",Delta Mendota Canal @ McCabe Rd,DMC @McCabe Rd,DMC06716,SL0923B0112,09/19/2023 11:45,Total Suspended Solids,0,Y,10.2,2.5,mg/L,Std Method 2540 D [1]*,0 Meters,"Water, Natural",Normal Sample,0,,,N
2040,"3000 - Public, Review Status Unknown",Delta Mendota Canal @ McCabe Rd,DMC @McCabe Rd,DMC06716,SL0923B0112,09/19/2023 11:45,Dissolved Sulfate,14808-79-8,,12.4,1,mg/L,EPA 300.0 [1]*,0 Meters,"Water, Natural",Normal Sample,0,,,N
2040,"3000 - Public, Review Status Unknown",Delta Mendota Canal @ McCabe Rd,DMC @McCabe Rd,DMC06716,SL0923B0112,09/19/2023 11:45,Field Specific Conductance,0,, 249,,uS/cm@25 °C,EPA 120.1 (Field) [1]*,0 Meters,"Water, Natural",Normal Sample,0,,,
2040,"3000 - Public, Review Status Unknown",Delta Mendota Canal @ McCabe Rd,DMC @McCabe Rd,DMC06716,SL0923B0112,09/19/2023 11:45,Field pH,0,, 7.7,,pH Units,EPA 150.1 (Field) [1]*,0 Meters,"Water, Natural",Normal Sample,0,,,
2040,"3000 - Public, Review Status Unknown",Delta Mendota Canal @ McCabe Rd,DMC @McCabe Rd,DMC06716,SL0923B0112,09/19/2023 11:45,Field Water Temperature,0,, 23.2,,°C,EPA 170.1 (Field) [1]*,0 Meters,"Water, Natural",Normal Sample,0,,,
2040,"3000 - Public, Review Status Unknown",Delta Mendota Canal @ McCabe Rd,DMC @McCabe Rd,DMC06716,SL0923B0112,09/19/2023 11:45,Field Turbidity,0,, 10.5,,N.T.U.,EPA 180.1 (Field) [D-2]*,0 Meters,"Water, Natural",Normal Sample,0,,,
2040,"3000 - Public, Review Status Unknown",Pacheco Pumping Plant,Pacheco PP,SL000000,SL0923B0107,09/19/2023 13:30,Dissolved Bromide,24959-67-9,,0.173,0.1,mg/L,EPA 300.0 [1]*,0 Meters,"Water, Natural",Normal Sample,0,,,N
2040,"3000 - Public, Review Status Unknown",Pacheco Pumping Plant,Pacheco PP,SL000000,SL0923B0107,09/19/2023 13:30,Dissolved Chloride,16887-00-6,,64.7,5,mg/L,EPA 300.0 [1]*,0 Meters,"Water, Natural",Normal Sample,0,,,N
2040,"3000 - Public, Review Status Unknown",Pacheco Pumping Plant,Pacheco PP,SL000000,SL0923B0107,09/19/2023 13:30,Specific Conductance,0,,448,5,µmhos/cm@25°C,Std Method 2510-B [1]*,0 Meters,"Water, Natural",Normal Sample,0,,,N
2040,"3000 - Public, Review Status Unknown",Pacheco Pumping Plant,Pacheco PP,SL000000,SL0923B0107,09/19/2023 13:30,Dissolved Nitrate,14797-55-8,,4.74,0.5,mg/L,EPA 300.0 [1]*,0 Meters,"Water, Natural",Normal Sample,0,,,N
2040,"3000 - Public, Review Status Unknown",Pacheco Pumping Plant,Pacheco PP,SL000000,SL0923B0107,09/19/2023 13:30,Total Dissolved Solids,0,,266,2.5,mg/L,Std Method 2540 C [1]*,0 Meters,"Water, Natural",Normal Sample,0,,,N
2040,"3000 - Public, Review Status Unknown",Pacheco Pumping Plant,Pacheco PP,SL000000,SL0923B0107,09/19/2023 13:30,Dissolved Sulfate,14808-79-8,,37.3,5,mg/L,EPA 300.0 [1]*,0 Meters,"Water, Natural",Normal Sample,0,,,N
2040,"3000 - Public, Review Status Unknown",Pacheco Pumping Plant,Pacheco PP,SL000000,SL0923B0107,09/19/2023 13:30,Field Specific Conductance,0,, 448,,uS/cm@25 °C,EPA 120.1 (Field) [1]*,0 Meters,"Water, Natural",Normal Sample,0,,,
2040,"3000 - Public, Review Status Unknown",Pacheco Pumping Plant,Pacheco PP,SL000000,SL0923B0107,09/19/2023 13:30,Field pH,0,, 7.4,,pH Units,EPA 150.1 (Field) [1]*,0 Meters,"Water, Natural",Normal Sample,0,,,
2040,"3000 - Public, Review Status Unknown",Pacheco Pumping Plant,Pacheco PP,SL000000,SL0923B0107,09/19/2023 13:30,Field Water Temperature,0,, 17.6,,°C,EPA 170.1 (Field) [1]*,0 Meters,"Water, Natural",Normal Sample,0,,,
2040,"3000 - Public, Review Status Unknown",Pacheco Pumping Plant,Pacheco PP,SL000000,SL0923B0107,09/19/2023 13:30,Field Turbidity,0,, 1.9,,N.T.U.,EPA 180.1 (Field) [D-2]*,0 Meters,"Water, Natural",Normal Sample,0,,,
2040,"3000 - Public, Review Status Unknown","CA Aqueduct, Ck 13, O'Neill Outlet",CHECK 13,KA007089,SL0923B0111,09/19/2023 14:30,Dissolved Bromide,24959-67-9,,0.116,0.1,mg/L,EPA 300.0 [1]*,0 Meters,"Water, Natural",Normal Sample,0,,,N
2040,"3000 - Public, Review Status Unknown","CA Aqueduct, Ck 13, O'Neill Outlet",CHECK 13,KA007089,SL0923B0111,09/19/2023 14:30,Dissolved Chloride,16887-00-6,,35.1,5,mg/L,EPA 300.0 [1]*,0 Meters,"Water, Natural",Normal Sample,0,,,N
2040,"3000 - Public, Review Status Unknown","CA Aqueduct, Ck 13, O'Neill Outlet",CHECK 13,KA007089,SL0923B0111,09/19/2023 14:30,Specific Conductance,0,,288,5,µmhos/cm@25°C,Std Method 2510-B [1]*,0 Meters,"Water, Natural",Normal Sample,0,,,N
2040,"3000 - Public, Review Status Unknown","CA Aqueduct, Ck 13, O'Neill Outlet",CHECK 13,KA007089,SL0923B0111,09/19/2023 14:30,Dissolved Nitrate,14797-55-8,,1.4,0.1,mg/L,EPA 300.0 [1]*,0 Meters,"Water, Natural",Normal Sample,0,,,N
2040,"3000 - Public, Review Status Unknown","CA Aqueduct, Ck 13, O'Neill Outlet",CHECK 13,KA007089,SL0923B0111,09/19/2023 14:30,Total Dissolved Solids,0,,166,2.5,mg/L,Std Method 2540 C [1]*,0 Meters,"Water, Natural",Normal Sample,0,,,N
2040,"3000 - Public, Review Status Unknown","CA Aqueduct, Ck 13, O'Neill Outlet",CHECK 13,KA007089,SL0923B0111,09/19/2023 14:30,Total Suspended Solids,0,,5.3,2.5,mg/L,Std Method 2540 D [1]*,0 Meters,"Water, Natural",Normal Sample,0,,,N
2040,"3000 - Public, Review Status Unknown","CA Aqueduct, Ck 13, O'Neill Outlet",CHECK 13,KA007089,SL0923B0111,09/19/2023 14:30,Dissolved Sulfate,14808-79-8,,19.7,1,mg/L,EPA 300.0 [1]*,0 Meters,"Water, Natural",Normal Sample,0,,,N
2040,"3000 - Public, Review Status Unknown","CA Aqueduct, Ck 13, O'Neill Outlet",CHECK 13,KA007089,SL0923B0111,09/19/2023 14:30,Field Specific Conductance,0,, 286,,uS/cm@25 °C,EPA 120.1 (Field) [1]*,0 Meters,"Water, Natural",Normal Sample,0,,,
2040,"3000 - Public, Review Status Unknown","CA Aqueduct, Ck 13, O'Neill Outlet",CHECK 13,KA007089,SL0923B0111,09/19/2023 14:30,Field pH,0,, 7.8,,pH Units,EPA 150.1 (Field) [1]*,0 Meters,"Water, Natural",Normal Sample,0,,,
2040,"3000 - Public, Review Status Unknown","CA Aqueduct, Ck 13, O'Neill Outlet",CHECK 13,KA007089,SL0923B0111,09/19/2023 14:30,Field Water Temperature,0,, 22.6,,°C,EPA 170.1 (Field) [1]*,0 Meters,"Water, Natural",Normal Sample,0,,,
2040,"3000 - Public, Review Status Unknown","CA Aqueduct, Ck 13, O'Neill Outlet",CHECK 13,KA007089,SL0923B0111,09/19/2023 14:30,Field Turbidity,0,, 4.4,,N.T.U.,EPA 180.1 (Field) [D-2]*,0 Meters,"Water, Natural",Normal Sample,0,,,
2040,"3000 - Public, Review Status Unknown",Gianelli WQ Station near Pumping Plant,Gianelli,ON003050,SL0923B0106,09/19/2023 15:30,Dissolved Bromide,24959-67-9,,0.171,0.1,mg/L,EPA 300.0 [1]*,0 Meters,"Water, Natural",Normal Sample,0,Gianelli WQ Station 1/4 mile south of Pumping plant,,N
2040,"3000 - Public, Review Status Unknown",Gianelli WQ Station near Pumping Plant,Gianelli,ON003050,SL0923B0106,09/19/2023 15:30,Dissolved Chloride,16887-00-6,,61.9,5,mg/L,EPA 300.0 [1]*,0 Meters,"Water, Natural",Normal Sample,0,Gianelli WQ Station 1/4 mile south of Pumping plant,,N
2040,"3000 - Public, Review Status Unknown",Gianelli WQ Station near Pumping Plant,Gianelli,ON003050,SL0923B0106,09/19/2023 15:30,Specific Conductance,0,,440,5,µmhos/cm@25°C,Std Method 2510-B [1]*,0 Meters,"Water, Natural",Normal Sample,0,Gianelli WQ Station 1/4 mile south of Pumping plant,,N
2040,"3000 - Public, Review Status Unknown",Gianelli WQ Station near Pumping Plant,Gianelli,ON003050,SL0923B0106,09/19/2023 15:30,Dissolved Nitrate,14797-55-8,,4.08,0.5,mg/L,EPA 300.0 [1]*,0 Meters,"Water, Natural",Normal Sample,0,Gianelli WQ Station 1/4 mile south of Pumping plant,,N
2040,"3000 - Public, Review Status Unknown",Gianelli WQ Station near Pumping Plant,Gianelli,ON003050,SL0923B0106,09/19/2023 15:30,Total Dissolved Solids,0,,255,2.5,mg/L,Std Method 2540 C [1]*,0 Meters,"Water, Natural",Normal Sample,0,Gianelli WQ Station 1/4 mile south of Pumping plant,,N
2040,"3000 - Public, Review Status Unknown",Gianelli WQ Station near Pumping Plant,Gianelli,ON003050,SL0923B0106,09/19/2023 15:30,Dissolved Sulfate,14808-79-8,,35.8,5,mg/L,EPA 300.0 [1]*,0 Meters,"Water, Natural",Normal Sample,0,Gianelli WQ Station 1/4 mile south of Pumping plant,,N
2040,"3000 - Public, Review Status Unknown",Gianelli WQ Station near Pumping Plant,Gianelli,ON003050,SL0923B0106,09/19/2023 15:30,Field Specific Conductance,0,, 443,,uS/cm@25 °C,EPA 120.1 (Field) [1]*,0 Meters,"Water, Natural",Normal Sample,0,Gianelli WQ Station 1/4 mile south of Pumping plant,,
2040,"3000 - Public, Review Status Unknown",Gianelli WQ Station near Pumping Plant,Gianelli,ON003050,SL0923B0106,09/19/2023 15:30,Field pH,0,, 7.6,,pH Units,EPA 150.1 (Field) [1]*,0 Meters,"Water, Natural",Normal Sample,0,Gianelli WQ Station 1/4 mile south of Pumping plant,,
2040,"3000 - Public, Review Status Unknown",Gianelli WQ Station near Pumping Plant,Gianelli,ON003050,SL0923B0106,09/19/2023 15:30,Field Water Temperature,0,, 18.1,,°C,EPA 170.1 (Field) [1]*,0 Meters,"Water, Natural",Normal Sample,0,Gianelli WQ Station 1/4 mile south of Pumping plant,,
2040,"3000 - Public, Review Status Unknown",Gianelli WQ Station near Pumping Plant,Gianelli,ON003050,SL0923B0106,09/19/2023 15:30,Field Turbidity,0,, 2.6,,N.T.U.,EPA 180.1 (Field) [D-2]*,0 Meters,"Water, Natural",Normal Sample,0,Gianelli WQ Station 1/4 mile south of Pumping plant,,
2040,"1000 - Non-Public, Review Status Unknown",Devil Canyon 2nd Afterbay,Devil Cyn AB2,KA041323,S1223B0435,12/01/2023 13:43,Total Suspended Solids,0,,<2.5,2.5,mg/L,Std Method 2540 D [1]*,1 Meters,"Water, Natural",Duplicate Sample,S1223B0434,,,N
2040,"1000 - Non-Public, Review Status Unknown",Devil Canyon 2nd Afterbay,Devil Cyn AB2,KA041323,S1223B0434,12/01/2023 13:43,Total Suspended Solids,0,,<2.5,2.5,mg/L,Std Method 2540 D [1]*,1 Meters,"Water, Natural",Normal Sample,0,,,N
2040,"1000 - Non-Public, Review Status Unknown",Devil Canyon 2nd Afterbay,Devil Cyn AB2,KA041323,S1223B0434,12/01/2023 13:43,Field pH,0,, 7.2,,pH Units,EPA 150.1 (Field) [1]*,1 Meters,"Water, Natural",Normal Sample,0,,,
2040,"1000 - Non-Public, Review Status Unknown",Devil Canyon 2nd Afterbay,Devil Cyn AB2,KA041323,S1223B0435,12/01/2023 13:43,Field pH,0,, 7.2,,pH Units,EPA 150.1 (Field) [1]*,1 Meters,"Water, Natural",Duplicate Sample,S1223B0434,,,
2040,"1000 - Non-Public, Review Status Unknown",Devil Canyon 2nd Afterbay,Devil Cyn AB2,KA041323,S1223B0435,12/01/2023 13:43,Field Water Temperature,0,, 14.8,,°C,EPA 170.1 (Field) [1]*,1 Meters,"Water, Natural",Duplicate Sample,S1223B0434,,,
2040,"1000 - Non-Public, Review Status Unknown",Devil Canyon 2nd Afterbay,Devil Cyn AB2,KA041323,S1223B0434,12/01/2023 13:43,Field Water Temperature,0,, 14.8,,°C,EPA 170.1 (Field) [1]*,1 Meters,"Water, Natural",Normal Sample,0,,,
"
",,,,,,,,,,,,,,,,,,,,
"*Codes in brackets ([]) following the analyte name refer to the Method Comparibility Code.  For more information, please refer to https://cdowr-dev.outsystemsenterprise.com/WaterDataLibrary/MTCCodes.aspx.",,,,,,,,,,,,,,,,,,,,
